id,supermarket,name,category,subcategory,brand,price,unit,size,image_url,description,nutritional_info,storage_instructions,shelf_life_days,barcode,product_url,collected_at,storage_type,storage_temp,humidity,actual_shelf_life,spoilage_indicators,quality_score
1,tesco,Tesco Bread 500g,bakery,,Tesco,2.47,each,500g,,Fresh bread from Tesco,"{""calories_per_100g"": 97, ""protein"": 2.5, ""carbs"": 10.0, ""fat"": 0.5}",Store in refrigerator,7,,,2025-10-02 10:54:37,pantry,20.0,86.0,11,"[""color_change"", ""smell""]",0.76
1,tesco,Tesco Bread 500g,bakery,,Tesco,2.47,each,500g,,Fresh bread from Tesco,"{""calories_per_100g"": 97, ""protein"": 2.5, ""carbs"": 10.0, ""fat"": 0.5}",Store in refrigerator,7,,,2025-10-02 10:54:37,pantry,20.0,90.0,5,"[""color_change"", ""smell""]",0.7999999999999999
1,tesco,Tesco Bread 500g,bakery,,Tesco,2.47,each,500g,,Fresh bread from Tesco,"{""calories_per_100g"": 97, ""protein"": 2.5, ""carbs"": 10.0, ""fat"": 0.5}",Store in refrigerator,7,,,2025-10-02 10:54:37,pantry,20.0,90.0,5,"[""color_change"", ""smell""]",0.7999999999999999
1,tesco,Tesco Bread 500g,bakery,,Tesco,2.47,each,500g,,Fresh bread from Tesco,"{""calories_per_100g"": 97, ""protein"": 2.5, ""carbs"": 10.0, ""fat"": 0.5}",Store in refrigerator,7,,,2025-10-02 10:54:37,pantry,20.0,92.0,7,"[""color_change"", ""smell""]",0.9199999999999999
1,tesco,Tesco Bread 500g,bakery,,Tesco,2.47,each,500g,,Fresh bread from Tesco,"{""calories_per_100g"": 97, ""protein"": 2.5, ""carbs"": 10.0, ""fat"": 0.5}",Store in refrigerator,7,,,2025-10-02 10:54:37,refrigerated,4.0,63.0,8,"[""color_change"", ""smell""]",0.9299999999999999
1,tesco,Tesco Bread 500g,bakery,,Tesco,2.47,each,500g,,Fresh bread from Tesco,"{""calories_per_100g"": 97, ""protein"": 2.5, ""carbs"": 10.0, ""fat"": 0.5}",Store in refrigerator,7,,,2025-10-02 10:54:37,refrigerated,4.0,75.0,10,"[""color_change"", ""smell""]",0.75
2,tesco,Tesco Croissants 500g,bakery,,Tesco,1.7,each,500g,,Fresh croissants from Tesco,"{""calories_per_100g"": 70, ""protein"": 2.5, ""carbs"": 10.0, ""fat"": 0.5}",Store in refrigerator,7,,,2025-10-02 10:54:37,pantry,20.0,72.0,7,"[""color_change"", ""smell""]",0.82
2,tesco,Tesco Croissants 500g,bakery,,Tesco,1.7,each,500g,,Fresh croissants from Tesco,"{""calories_per_100g"": 70, ""protein"": 2.5, ""carbs"": 10.0, ""fat"": 0.5}",Store in refrigerator,7,,,2025-10-02 10:54:37,pantry,20.0,82.0,7,"[""color_change"", ""smell""]",0.72
2,tesco,Tesco Croissants 500g,bakery,,Tesco,1.7,each,500g,,Fresh croissants from Tesco,"{""calories_per_100g"": 70, ""protein"": 2.5, ""carbs"": 10.0, ""fat"": 0.5}",Store in refrigerator,7,,,2025-10-02 10:54:37,pantry,20.0,94.0,9,"[""color_change"", ""smell""]",0.94
2,tesco,Tesco Croissants 500g,bakery,,Tesco,1.7,each,500g,,Fresh croissants from Tesco,"{""calories_per_100g"": 70, ""protein"": 2.5, ""carbs"": 10.0, ""fat"": 0.5}",Store in refrigerator,7,,,2025-10-02 10:54:37,refrigerated,4.0,71.0,6,"[""color_change"", ""smell""]",0.9099999999999999
2,tesco,Tesco Croissants 500g,bakery,,Tesco,1.7,each,500g,,Fresh croissants from Tesco,"{""calories_per_100g"": 70, ""protein"": 2.5, ""carbs"": 10.0, ""fat"": 0.5}",Store in refrigerator,7,,,2025-10-02 10:54:37,refrigerated,4.0,79.0,14,"[""color_change"", ""smell""]",0.8899999999999999
2,tesco,Tesco Croissants 500g,bakery,,Tesco,1.7,each,500g,,Fresh croissants from Tesco,"{""calories_per_100g"": 70, ""protein"": 2.5, ""carbs"": 10.0, ""fat"": 0.5}",Store in refrigerator,7,,,2025-10-02 10:54:37,refrigerated,4.0,97.0,12,"[""color_change"", ""smell""]",0.87
3,tesco,Tesco Pastries 500g,bakery,,Tesco,1.74,each,500g,,Fresh pastries from Tesco,"{""calories_per_100g"": 74, ""protein"": 2.5, ""carbs"": 10.0, ""fat"": 0.5}",Store in refrigerator,7,,,2025-10-02 10:54:37,pantry,20.0,82.0,7,"[""color_change"", ""smell""]",0.82
3,tesco,Tesco Pastries 500g,bakery,,Tesco,1.74,each,500g,,Fresh pastries from Tesco,"{""calories_per_100g"": 74, ""protein"": 2.5, ""carbs"": 10.0, ""fat"": 0.5}",Store in refrigerator,7,,,2025-10-02 10:54:37,pantry,20.0,82.0,7,"[""color_change"", ""smell""]",0.82
3,tesco,Tesco Pastries 500g,bakery,,Tesco,1.74,each,500g,,Fresh pastries from Tesco,"{""calories_per_100g"": 74, ""protein"": 2.5, ""carbs"": 10.0, ""fat"": 0.5}",Store in refrigerator,7,,,2025-10-02 10:54:37,pantry,20.0,94.0,9,"[""color_change"", ""smell""]",0.94
3,tesco,Tesco Pastries 500g,bakery,,Tesco,1.74,each,500g,,Fresh pastries from Tesco,"{""calories_per_100g"": 74, ""protein"": 2.5, ""carbs"": 10.0, ""fat"": 0.5}",Store in refrigerator,7,,,2025-10-02 10:54:37,pantry,20.0,98.0,13,"[""color_change"", ""smell""]",0.98
3,tesco,Tesco Pastries 500g,bakery,,Tesco,1.74,each,500g,,Fresh pastries from Tesco,"{""calories_per_100g"": 74, ""protein"": 2.5, ""carbs"": 10.0, ""fat"": 0.5}",Store in refrigerator,7,,,2025-10-02 10:54:37,refrigerated,4.0,91.0,6,"[""color_change"", ""smell""]",0.71
3,tesco,Tesco Pastries 500g,bakery,,Tesco,1.74,each,500g,,Fresh pastries from Tesco,"{""calories_per_100g"": 74, ""protein"": 2.5, ""carbs"": 10.0, ""fat"": 0.5}",Store in refrigerator,7,,,2025-10-02 10:54:37,refrigerated,4.0,95.0,10,"[""color_change"", ""smell""]",0.85
4,tesco,Tesco Cakes 500g,bakery,,Tesco,2.15,each,500g,,Fresh cakes from Tesco,"{""calories_per_100g"": 65, ""protein"": 2.5, ""carbs"": 10.0, ""fat"": 0.5}",Store in refrigerator,7,,,2025-10-02 10:54:37,pantry,20.0,70.0,5,"[""color_change"", ""smell""]",0.8999999999999999
4,tesco,Tesco Cakes 500g,bakery,,Tesco,2.15,each,500g,,Fresh cakes from Tesco,"{""calories_per_100g"": 65, ""protein"": 2.5, ""carbs"": 10.0, ""fat"": 0.5}",Store in refrigerator,7,,,2025-10-02 10:54:37,pantry,20.0,78.0,13,"[""color_change"", ""smell""]",0.98
4,tesco,Tesco Cakes 500g,bakery,,Tesco,2.15,each,500g,,Fresh cakes from Tesco,"{""calories_per_100g"": 65, ""protein"": 2.5, ""carbs"": 10.0, ""fat"": 0.5}",Store in refrigerator,7,,,2025-10-02 10:54:37,pantry,20.0,96.0,11,"[""color_change"", ""smell""]",0.96
4,tesco,Tesco Cakes 500g,bakery,,Tesco,2.15,each,500g,,Fresh cakes from Tesco,"{""calories_per_100g"": 65, ""protein"": 2.5, ""carbs"": 10.0, ""fat"": 0.5}",Store in refrigerator,7,,,2025-10-02 10:54:37,refrigerated,4.0,77.0,12,"[""color_change"", ""smell""]",0.87
4,tesco,Tesco Cakes 500g,bakery,,Tesco,2.15,each,500g,,Fresh cakes from Tesco,"{""calories_per_100g"": 65, ""protein"": 2.5, ""carbs"": 10.0, ""fat"": 0.5}",Store in refrigerator,7,,,2025-10-02 10:54:37,refrigerated,4.0,79.0,14,"[""color_change"", ""smell""]",0.99
4,tesco,Tesco Cakes 500g,bakery,,Tesco,2.15,each,500g,,Fresh cakes from Tesco,"{""calories_per_100g"": 65, ""protein"": 2.5, ""carbs"": 10.0, ""fat"": 0.5}",Store in refrigerator,7,,,2025-10-02 10:54:37,refrigerated,4.0,85.0,10,"[""color_change"", ""smell""]",0.75
5,tesco,Tesco Biscuits 500g,bakery,,Tesco,1.85,each,500g,,Fresh biscuits from Tesco,"{""calories_per_100g"": 85, ""protein"": 2.5, ""carbs"": 10.0, ""fat"": 0.5}",Store in refrigerator,7,,,2025-10-02 10:54:37,pantry,20.0,76.0,11,"[""color_change"", ""smell""]",0.76
5,tesco,Tesco Biscuits 500g,bakery,,Tesco,1.85,each,500g,,Fresh biscuits from Tesco,"{""calories_per_100g"": 85, ""protein"": 2.5, ""carbs"": 10.0, ""fat"": 0.5}",Store in refrigerator,7,,,2025-10-02 10:54:37,pantry,20.0,96.0,11,"[""color_change"", ""smell""]",0.76
5,tesco,Tesco Biscuits 500g,bakery,,Tesco,1.85,each,500g,,Fresh biscuits from Tesco,"{""calories_per_100g"": 85, ""protein"": 2.5, ""carbs"": 10.0, ""fat"": 0.5}",Store in refrigerator,7,,,2025-10-02 10:54:37,refrigerated,4.0,63.0,8,"[""color_change"", ""smell""]",0.83
5,tesco,Tesco Biscuits 500g,bakery,,Tesco,1.85,each,500g,,Fresh biscuits from Tesco,"{""calories_per_100g"": 85, ""protein"": 2.5, ""carbs"": 10.0, ""fat"": 0.5}",Store in refrigerator,7,,,2025-10-02 10:54:37,refrigerated,4.0,67.0,12,"[""color_change"", ""smell""]",0.97
5,tesco,Tesco Biscuits 500g,bakery,,Tesco,1.85,each,500g,,Fresh biscuits from Tesco,"{""calories_per_100g"": 85, ""protein"": 2.5, ""carbs"": 10.0, ""fat"": 0.5}",Store in refrigerator,7,,,2025-10-02 10:54:37,refrigerated,4.0,75.0,10,"[""color_change"", ""smell""]",0.75
5,tesco,Tesco Biscuits 500g,bakery,,Tesco,1.85,each,500g,,Fresh biscuits from Tesco,"{""calories_per_100g"": 85, ""protein"": 2.5, ""carbs"": 10.0, ""fat"": 0.5}",Store in refrigerator,7,,,2025-10-02 10:54:37,refrigerated,4.0,83.0,8,"[""color_change"", ""smell""]",0.9299999999999999
6,tesco,Tesco Frozen_Vegetables 500g,frozen,,Tesco,1.79,each,500g,,Fresh frozen_vegetables from Tesco,"{""calories_per_100g"": 79, ""protein"": 2.5, ""carbs"": 10.0, ""fat"": 0.5}",Store in refrigerator,7,,,2025-10-02 10:54:37,pantry,20.0,64.0,9,"[""color_change"", ""smell""]",0.94
6,tesco,Tesco Frozen_Vegetables 500g,frozen,,Tesco,1.79,each,500g,,Fresh frozen_vegetables from Tesco,"{""calories_per_100g"": 79, ""protein"": 2.5, ""carbs"": 10.0, ""fat"": 0.5}",Store in refrigerator,7,,,2025-10-02 10:54:37,pantry,20.0,70.0,5,"[""color_change"", ""smell""]",0.7999999999999999
6,tesco,Tesco Frozen_Vegetables 500g,frozen,,Tesco,1.79,each,500g,,Fresh frozen_vegetables from Tesco,"{""calories_per_100g"": 79, ""protein"": 2.5, ""carbs"": 10.0, ""fat"": 0.5}",Store in refrigerator,7,,,2025-10-02 10:54:37,pantry,20.0,84.0,9,"[""color_change"", ""smell""]",0.94
6,tesco,Tesco Frozen_Vegetables 500g,frozen,,Tesco,1.79,each,500g,,Fresh frozen_vegetables from Tesco,"{""calories_per_100g"": 79, ""protein"": 2.5, ""carbs"": 10.0, ""fat"": 0.5}",Store in refrigerator,7,,,2025-10-02 10:54:37,pantry,20.0,90.0,5,"[""color_change"", ""smell""]",0.7999999999999999
6,tesco,Tesco Frozen_Vegetables 500g,frozen,,Tesco,1.79,each,500g,,Fresh frozen_vegetables from Tesco,"{""calories_per_100g"": 79, ""protein"": 2.5, ""carbs"": 10.0, ""fat"": 0.5}",Store in refrigerator,7,,,2025-10-02 10:54:37,refrigerated,4.0,77.0,12,"[""color_change"", ""smell""]",0.77
6,tesco,Tesco Frozen_Vegetables 500g,frozen,,Tesco,1.79,each,500g,,Fresh frozen_vegetables from Tesco,"{""calories_per_100g"": 79, ""protein"": 2.5, ""carbs"": 10.0, ""fat"": 0.5}",Store in refrigerator,7,,,2025-10-02 10:54:37,refrigerated,4.0,91.0,6,"[""color_change"", ""smell""]",0.9099999999999999
7,tesco,Tesco Frozen_Fruit 500g,frozen,,Tesco,1.57,each,500g,,Fresh frozen_fruit from Tesco,"{""calories_per_100g"": 57, ""protein"": 2.5, ""carbs"": 10.0, ""fat"": 0.5}",Store in refrigerator,7,,,2025-10-02 10:54:37,pantry,20.0,66.0,11,"[""color_change"", ""smell""]",0.76
7,tesco,Tesco Frozen_Fruit 500g,frozen,,Tesco,1.57,each,500g,,Fresh frozen_fruit from Tesco,"{""calories_per_100g"": 57, ""protein"": 2.5, ""carbs"": 10.0, ""fat"": 0.5}",Store in refrigerator,7,,,2025-10-02 10:54:37,pantry,20.0,72.0,7,"[""color_change"", ""smell""]",0.72
7,tesco,Tesco Frozen_Fruit 500g,frozen,,Tesco,1.57,each,500g,,Fresh frozen_fruit from Tesco,"{""calories_per_100g"": 57, ""protein"": 2.5, ""carbs"": 10.0, ""fat"": 0.5}",Store in refrigerator,7,,,2025-10-02 10:54:37,pantry,20.0,78.0,13,"[""color_change"", ""smell""]",0.98
7,tesco,Tesco Frozen_Fruit 500g,frozen,,Tesco,1.57,each,500g,,Fresh frozen_fruit from Tesco,"{""calories_per_100g"": 57, ""protein"": 2.5, ""carbs"": 10.0, ""fat"": 0.5}",Store in refrigerator,7,,,2025-10-02 10:54:37,refrigerated,4.0,69.0,14,"[""color_change"", ""smell""]",0.8899999999999999
7,tesco,Tesco Frozen_Fruit 500g,frozen,,Tesco,1.57,each,500g,,Fresh frozen_fruit from Tesco,"{""calories_per_100g"": 57, ""protein"": 2.5, ""carbs"": 10.0, ""fat"": 0.5}",Store in refrigerator,7,,,2025-10-02 10:54:37,refrigerated,4.0,81.0,6,"[""color_change"", ""smell""]",0.8099999999999999
7,tesco,Tesco Frozen_Fruit 500g,frozen,,Tesco,1.57,each,500g,,Fresh frozen_fruit from Tesco,"{""calories_per_100g"": 57, ""protein"": 2.5, ""carbs"": 10.0, ""fat"": 0.5}",Store in refrigerator,7,,,2025-10-02 10:54:37,refrigerated,4.0,81.0,6,"[""color_change"", ""smell""]",0.8099999999999999
8,tesco,Tesco Ice_Cream 500g,frozen,,Tesco,1.98,each,500g,,Fresh ice_cream from Tesco,"{""calories_per_100g"": 98, ""protein"": 2.5, ""carbs"": 10.0, ""fat"": 0.5}",Store in refrigerator,7,,,2025-10-02 10:54:37,pantry,20.0,60.0,5,"[""color_change"", ""smell""]",0.7999999999999999
8,tesco,Tesco Ice_Cream 500g,frozen,,Tesco,1.98,each,500g,,Fresh ice_cream from Tesco,"{""calories_per_100g"": 98, ""protein"": 2.5, ""carbs"": 10.0, ""fat"": 0.5}",Store in refrigerator,7,,,2025-10-02 10:54:37,pantry,20.0,78.0,13,"[""color_change"", ""smell""]",0.98
8,tesco,Tesco Ice_Cream 500g,frozen,,Tesco,1.98,each,500g,,Fresh ice_cream from Tesco,"{""calories_per_100g"": 98, ""protein"": 2.5, ""carbs"": 10.0, ""fat"": 0.5}",Store in refrigerator,7,,,2025-10-02 10:54:37,refrigerated,4.0,61.0,6,"[""color_change"", ""smell""]",0.8099999999999999
8,tesco,Tesco Ice_Cream 500g,frozen,,Tesco,1.98,each,500g,,Fresh ice_cream from Tesco,"{""calories_per_100g"": 98, ""protein"": 2.5, ""carbs"": 10.0, ""fat"": 0.5}",Store in refrigerator,7,,,2025-10-02 10:54:37,refrigerated,4.0,61.0,6,"[""color_change"", ""smell""]",0.9099999999999999
8,tesco,Tesco Ice_Cream 500g,frozen,,Tesco,1.98,each,500g,,Fresh ice_cream from Tesco,"{""calories_per_100g"": 98, ""protein"": 2.5, ""carbs"": 10.0, ""fat"": 0.5}",Store in refrigerator,7,,,2025-10-02 10:54:37,refrigerated,4.0,65.0,10,"[""color_change"", ""smell""]",0.75
8,tesco,Tesco Ice_Cream 500g,frozen,,Tesco,1.98,each,500g,,Fresh ice_cream from Tesco,"{""calories_per_100g"": 98, ""protein"": 2.5, ""carbs"": 10.0, ""fat"": 0.5}",Store in refrigerator,7,,,2025-10-02 10:54:37,refrigerated,4.0,73.0,8,"[""color_change"", ""smell""]",0.73
9,tesco,Tesco Frozen_Meals 500g,frozen,,Tesco,1.97,each,500g,,Fresh frozen_meals from Tesco,"{""calories_per_100g"": 97, ""protein"": 2.5, ""carbs"": 10.0, ""fat"": 0.5}",Store in refrigerator,7,,,2025-10-02 10:54:37,pantry,20.0,84.0,9,"[""color_change"", ""smell""]",0.74
9,tesco,Tesco Frozen_Meals 500g,frozen,,Tesco,1.97,each,500g,,Fresh frozen_meals from Tesco,"{""calories_per_100g"": 97, ""protein"": 2.5, ""carbs"": 10.0, ""fat"": 0.5}",Store in refrigerator,7,,,2025-10-02 10:54:37,pantry,20.0,84.0,9,"[""color_change"", ""smell""]",0.74
9,tesco,Tesco Frozen_Meals 500g,frozen,,Tesco,1.97,each,500g,,Fresh frozen_meals from Tesco,"{""calories_per_100g"": 97, ""protein"": 2.5, ""carbs"": 10.0, ""fat"": 0.5}",Store in refrigerator,7,,,2025-10-02 10:54:37,refrigerated,4.0,61.0,6,"[""color_change"", ""smell""]",0.8099999999999999
9,tesco,Tesco Frozen_Meals 500g,frozen,,Tesco,1.97,each,500g,,Fresh frozen_meals from Tesco,"{""calories_per_100g"": 97, ""protein"": 2.5, ""carbs"": 10.0, ""fat"": 0.5}",Store in refrigerator,7,,,2025-10-02 10:54:37,refrigerated,4.0,61.0,6,"[""color_change"", ""smell""]",0.8099999999999999
9,tesco,Tesco Frozen_Meals 500g,frozen,,Tesco,1.97,each,500g,,Fresh frozen_meals from Tesco,"{""calories_per_100g"": 97, ""protein"": 2.5, ""carbs"": 10.0, ""fat"": 0.5}",Store in refrigerator,7,,,2025-10-02 10:54:37,refrigerated,4.0,83.0,8,"[""color_change"", ""smell""]",0.9299999999999999
9,tesco,Tesco Frozen_Meals 500g,frozen,,Tesco,1.97,each,500g,,Fresh frozen_meals from Tesco,"{""calories_per_100g"": 97, ""protein"": 2.5, ""carbs"": 10.0, ""fat"": 0.5}",Store in refrigerator,7,,,2025-10-02 10:54:37,refrigerated,4.0,93.0,8,"[""color_change"", ""smell""]",0.9299999999999999
10,sainsburys,Sainsbury's Bread 500g,bakery,,Sainsbury's,2.57,each,500g,,Quality bread from Sainsbury's,"{""calories_per_100g"": 99, ""protein"": 2.8, ""carbs"": 9.5, ""fat"": 0.6}",Store in refrigerator,8,,,2025-10-02 10:54:49,pantry,20.0,60.0,5,"[""color_change"", ""smell""]",0.7999999999999999
10,sainsburys,Sainsbury's Bread 500g,bakery,,Sainsbury's,2.57,each,500g,,Quality bread from Sainsbury's,"{""calories_per_100g"": 99, ""protein"": 2.8, ""carbs"": 9.5, ""fat"": 0.6}",Store in refrigerator,8,,,2025-10-02 10:54:49,pantry,20.0,72.0,7,"[""color_change"", ""smell""]",0.9199999999999999
10,sainsburys,Sainsbury's Bread 500g,bakery,,Sainsbury's,2.57,each,500g,,Quality bread from Sainsbury's,"{""calories_per_100g"": 99, ""protein"": 2.8, ""carbs"": 9.5, ""fat"": 0.6}",Store in refrigerator,8,,,2025-10-02 10:54:49,refrigerated,4.0,69.0,14,"[""color_change"", ""smell""]",0.8899999999999999
10,sainsburys,Sainsbury's Bread 500g,bakery,,Sainsbury's,2.57,each,500g,,Quality bread from Sainsbury's,"{""calories_per_100g"": 99, ""protein"": 2.8, ""carbs"": 9.5, ""fat"": 0.6}",Store in refrigerator,8,,,2025-10-02 10:54:49,refrigerated,4.0,75.0,10,"[""color_change"", ""smell""]",0.85
10,sainsburys,Sainsbury's Bread 500g,bakery,,Sainsbury's,2.57,each,500g,,Quality bread from Sainsbury's,"{""calories_per_100g"": 99, ""protein"": 2.8, ""carbs"": 9.5, ""fat"": 0.6}",Store in refrigerator,8,,,2025-10-02 10:54:49,refrigerated,4.0,85.0,10,"[""color_change"", ""smell""]",0.95
10,sainsburys,Sainsbury's Bread 500g,bakery,,Sainsbury's,2.57,each,500g,,Quality bread from Sainsbury's,"{""calories_per_100g"": 99, ""protein"": 2.8, ""carbs"": 9.5, ""fat"": 0.6}",Store in refrigerator,8,,,2025-10-02 10:54:49,refrigerated,4.0,97.0,12,"[""color_change"", ""smell""]",0.97
11,sainsburys,Sainsbury's Croissants 500g,bakery,,Sainsbury's,1.8,each,500g,,Quality croissants from Sainsbury's,"{""calories_per_100g"": 72, ""protein"": 2.8, ""carbs"": 9.5, ""fat"": 0.6}",Store in refrigerator,8,,,2025-10-02 10:54:49,pantry,20.0,60.0,5,"[""color_change"", ""smell""]",0.7999999999999999
11,sainsburys,Sainsbury's Croissants 500g,bakery,,Sainsbury's,1.8,each,500g,,Quality croissants from Sainsbury's,"{""calories_per_100g"": 72, ""protein"": 2.8, ""carbs"": 9.5, ""fat"": 0.6}",Store in refrigerator,8,,,2025-10-02 10:54:49,pantry,20.0,64.0,9,"[""color_change"", ""smell""]",0.74
11,sainsburys,Sainsbury's Croissants 500g,bakery,,Sainsbury's,1.8,each,500g,,Quality croissants from Sainsbury's,"{""calories_per_100g"": 72, ""protein"": 2.8, ""carbs"": 9.5, ""fat"": 0.6}",Store in refrigerator,8,,,2025-10-02 10:54:49,pantry,20.0,64.0,9,"[""color_change"", ""smell""]",0.94
11,sainsburys,Sainsbury's Croissants 500g,bakery,,Sainsbury's,1.8,each,500g,,Quality croissants from Sainsbury's,"{""calories_per_100g"": 72, ""protein"": 2.8, ""carbs"": 9.5, ""fat"": 0.6}",Store in refrigerator,8,,,2025-10-02 10:54:49,pantry,20.0,98.0,13,"[""color_change"", ""smell""]",0.7799999999999999
11,sainsburys,Sainsbury's Croissants 500g,bakery,,Sainsbury's,1.8,each,500g,,Quality croissants from Sainsbury's,"{""calories_per_100g"": 72, ""protein"": 2.8, ""carbs"": 9.5, ""fat"": 0.6}",Store in refrigerator,8,,,2025-10-02 10:54:49,refrigerated,4.0,83.0,8,"[""color_change"", ""smell""]",0.73
11,sainsburys,Sainsbury's Croissants 500g,bakery,,Sainsbury's,1.8,each,500g,,Quality croissants from Sainsbury's,"{""calories_per_100g"": 72, ""protein"": 2.8, ""carbs"": 9.5, ""fat"": 0.6}",Store in refrigerator,8,,,2025-10-02 10:54:49,refrigerated,4.0,83.0,8,"[""color_change"", ""smell""]",0.83
12,sainsburys,Sainsbury's Pastries 500g,bakery,,Sainsbury's,1.84,each,500g,,Quality pastries from Sainsbury's,"{""calories_per_100g"": 76, ""protein"": 2.8, ""carbs"": 9.5, ""fat"": 0.6}",Store in refrigerator,8,,,2025-10-02 10:54:49,pantry,20.0,76.0,11,"[""color_change"", ""smell""]",0.96
12,sainsburys,Sainsbury's Pastries 500g,bakery,,Sainsbury's,1.84,each,500g,,Quality pastries from Sainsbury's,"{""calories_per_100g"": 76, ""protein"": 2.8, ""carbs"": 9.5, ""fat"": 0.6}",Store in refrigerator,8,,,2025-10-02 10:54:49,pantry,20.0,82.0,7,"[""color_change"", ""smell""]",0.72
12,sainsburys,Sainsbury's Pastries 500g,bakery,,Sainsbury's,1.84,each,500g,,Quality pastries from Sainsbury's,"{""calories_per_100g"": 76, ""protein"": 2.8, ""carbs"": 9.5, ""fat"": 0.6}",Store in refrigerator,8,,,2025-10-02 10:54:49,refrigerated,4.0,69.0,14,"[""color_change"", ""smell""]",0.99
12,sainsburys,Sainsbury's Pastries 500g,bakery,,Sainsbury's,1.84,each,500g,,Quality pastries from Sainsbury's,"{""calories_per_100g"": 76, ""protein"": 2.8, ""carbs"": 9.5, ""fat"": 0.6}",Store in refrigerator,8,,,2025-10-02 10:54:49,refrigerated,4.0,71.0,6,"[""color_change"", ""smell""]",0.9099999999999999
12,sainsburys,Sainsbury's Pastries 500g,bakery,,Sainsbury's,1.84,each,500g,,Quality pastries from Sainsbury's,"{""calories_per_100g"": 76, ""protein"": 2.8, ""carbs"": 9.5, ""fat"": 0.6}",Store in refrigerator,8,,,2025-10-02 10:54:49,refrigerated,4.0,79.0,14,"[""color_change"", ""smell""]",0.8899999999999999
12,sainsburys,Sainsbury's Pastries 500g,bakery,,Sainsbury's,1.84,each,500g,,Quality pastries from Sainsbury's,"{""calories_per_100g"": 76, ""protein"": 2.8, ""carbs"": 9.5, ""fat"": 0.6}",Store in refrigerator,8,,,2025-10-02 10:54:49,refrigerated,4.0,85.0,10,"[""color_change"", ""smell""]",0.85
13,sainsburys,Sainsbury's Cakes 500g,bakery,,Sainsbury's,2.25,each,500g,,Quality cakes from Sainsbury's,"{""calories_per_100g"": 67, ""protein"": 2.8, ""carbs"": 9.5, ""fat"": 0.6}",Store in refrigerator,8,,,2025-10-02 10:54:49,pantry,20.0,64.0,9,"[""color_change"", ""smell""]",0.94
13,sainsburys,Sainsbury's Cakes 500g,bakery,,Sainsbury's,2.25,each,500g,,Quality cakes from Sainsbury's,"{""calories_per_100g"": 67, ""protein"": 2.8, ""carbs"": 9.5, ""fat"": 0.6}",Store in refrigerator,8,,,2025-10-02 10:54:49,pantry,20.0,92.0,7,"[""color_change"", ""smell""]",0.9199999999999999
13,sainsburys,Sainsbury's Cakes 500g,bakery,,Sainsbury's,2.25,each,500g,,Quality cakes from Sainsbury's,"{""calories_per_100g"": 67, ""protein"": 2.8, ""carbs"": 9.5, ""fat"": 0.6}",Store in refrigerator,8,,,2025-10-02 10:54:49,pantry,20.0,94.0,9,"[""color_change"", ""smell""]",0.94
13,sainsburys,Sainsbury's Cakes 500g,bakery,,Sainsbury's,2.25,each,500g,,Quality cakes from Sainsbury's,"{""calories_per_100g"": 67, ""protein"": 2.8, ""carbs"": 9.5, ""fat"": 0.6}",Store in refrigerator,8,,,2025-10-02 10:54:49,refrigerated,4.0,81.0,6,"[""color_change"", ""smell""]",0.9099999999999999
13,sainsburys,Sainsbury's Cakes 500g,bakery,,Sainsbury's,2.25,each,500g,,Quality cakes from Sainsbury's,"{""calories_per_100g"": 67, ""protein"": 2.8, ""carbs"": 9.5, ""fat"": 0.6}",Store in refrigerator,8,,,2025-10-02 10:54:49,refrigerated,4.0,93.0,8,"[""color_change"", ""smell""]",0.9299999999999999
13,sainsburys,Sainsbury's Cakes 500g,bakery,,Sainsbury's,2.25,each,500g,,Quality cakes from Sainsbury's,"{""calories_per_100g"": 67, ""protein"": 2.8, ""carbs"": 9.5, ""fat"": 0.6}",Store in refrigerator,8,,,2025-10-02 10:54:49,refrigerated,4.0,97.0,12,"[""color_change"", ""smell""]",0.77
14,sainsburys,Sainsbury's Biscuits 500g,bakery,,Sainsbury's,1.95,each,500g,,Quality biscuits from Sainsbury's,"{""calories_per_100g"": 87, ""protein"": 2.8, ""carbs"": 9.5, ""fat"": 0.6}",Store in refrigerator,8,,,2025-10-02 10:54:49,pantry,20.0,64.0,9,"[""color_change"", ""smell""]",0.94
14,sainsburys,Sainsbury's Biscuits 500g,bakery,,Sainsbury's,1.95,each,500g,,Quality biscuits from Sainsbury's,"{""calories_per_100g"": 87, ""protein"": 2.8, ""carbs"": 9.5, ""fat"": 0.6}",Store in refrigerator,8,,,2025-10-02 10:54:49,pantry,20.0,74.0,9,"[""color_change"", ""smell""]",0.94
14,sainsburys,Sainsbury's Biscuits 500g,bakery,,Sainsbury's,1.95,each,500g,,Quality biscuits from Sainsbury's,"{""calories_per_100g"": 87, ""protein"": 2.8, ""carbs"": 9.5, ""fat"": 0.6}",Store in refrigerator,8,,,2025-10-02 10:54:49,pantry,20.0,82.0,7,"[""color_change"", ""smell""]",0.9199999999999999
14,sainsburys,Sainsbury's Biscuits 500g,bakery,,Sainsbury's,1.95,each,500g,,Quality biscuits from Sainsbury's,"{""calories_per_100g"": 87, ""protein"": 2.8, ""carbs"": 9.5, ""fat"": 0.6}",Store in refrigerator,8,,,2025-10-02 10:54:49,refrigerated,4.0,79.0,14,"[""color_change"", ""smell""]",0.8899999999999999
14,sainsburys,Sainsbury's Biscuits 500g,bakery,,Sainsbury's,1.95,each,500g,,Quality biscuits from Sainsbury's,"{""calories_per_100g"": 87, ""protein"": 2.8, ""carbs"": 9.5, ""fat"": 0.6}",Store in refrigerator,8,,,2025-10-02 10:54:49,refrigerated,4.0,89.0,14,"[""color_change"", ""smell""]",0.8899999999999999
14,sainsburys,Sainsbury's Biscuits 500g,bakery,,Sainsbury's,1.95,each,500g,,Quality biscuits from Sainsbury's,"{""calories_per_100g"": 87, ""protein"": 2.8, ""carbs"": 9.5, ""fat"": 0.6}",Store in refrigerator,8,,,2025-10-02 10:54:49,refrigerated,4.0,99.0,14,"[""color_change"", ""smell""]",0.7899999999999999
15,sainsburys,Sainsbury's Frozen_Vegetables 500g,frozen,,Sainsbury's,1.89,each,500g,,Quality frozen_vegetables from Sainsbury's,"{""calories_per_100g"": 81, ""protein"": 2.8, ""carbs"": 9.5, ""fat"": 0.6}",Store in refrigerator,8,,,2025-10-02 10:54:49,pantry,20.0,64.0,9,"[""color_change"", ""smell""]",0.94
15,sainsburys,Sainsbury's Frozen_Vegetables 500g,frozen,,Sainsbury's,1.89,each,500g,,Quality frozen_vegetables from Sainsbury's,"{""calories_per_100g"": 81, ""protein"": 2.8, ""carbs"": 9.5, ""fat"": 0.6}",Store in refrigerator,8,,,2025-10-02 10:54:49,pantry,20.0,68.0,13,"[""color_change"", ""smell""]",0.8799999999999999
15,sainsburys,Sainsbury's Frozen_Vegetables 500g,frozen,,Sainsbury's,1.89,each,500g,,Quality frozen_vegetables from Sainsbury's,"{""calories_per_100g"": 81, ""protein"": 2.8, ""carbs"": 9.5, ""fat"": 0.6}",Store in refrigerator,8,,,2025-10-02 10:54:49,pantry,20.0,88.0,13,"[""color_change"", ""smell""]",0.8799999999999999
15,sainsburys,Sainsbury's Frozen_Vegetables 500g,frozen,,Sainsbury's,1.89,each,500g,,Quality frozen_vegetables from Sainsbury's,"{""calories_per_100g"": 81, ""protein"": 2.8, ""carbs"": 9.5, ""fat"": 0.6}",Store in refrigerator,8,,,2025-10-02 10:54:49,refrigerated,4.0,79.0,14,"[""color_change"", ""smell""]",0.7899999999999999
15,sainsburys,Sainsbury's Frozen_Vegetables 500g,frozen,,Sainsbury's,1.89,each,500g,,Quality frozen_vegetables from Sainsbury's,"{""calories_per_100g"": 81, ""protein"": 2.8, ""carbs"": 9.5, ""fat"": 0.6}",Store in refrigerator,8,,,2025-10-02 10:54:49,refrigerated,4.0,83.0,8,"[""color_change"", ""smell""]",0.9299999999999999
15,sainsburys,Sainsbury's Frozen_Vegetables 500g,frozen,,Sainsbury's,1.89,each,500g,,Quality frozen_vegetables from Sainsbury's,"{""calories_per_100g"": 81, ""protein"": 2.8, ""carbs"": 9.5, ""fat"": 0.6}",Store in refrigerator,8,,,2025-10-02 10:54:49,refrigerated,4.0,97.0,12,"[""color_change"", ""smell""]",0.77
16,sainsburys,Sainsbury's Frozen_Fruit 500g,frozen,,Sainsbury's,1.67,each,500g,,Quality frozen_fruit from Sainsbury's,"{""calories_per_100g"": 59, ""protein"": 2.8, ""carbs"": 9.5, ""fat"": 0.6}",Store in refrigerator,8,,,2025-10-02 10:54:49,pantry,20.0,62.0,7,"[""color_change"", ""smell""]",0.9199999999999999
16,sainsburys,Sainsbury's Frozen_Fruit 500g,frozen,,Sainsbury's,1.67,each,500g,,Quality frozen_fruit from Sainsbury's,"{""calories_per_100g"": 59, ""protein"": 2.8, ""carbs"": 9.5, ""fat"": 0.6}",Store in refrigerator,8,,,2025-10-02 10:54:49,pantry,20.0,76.0,11,"[""color_change"", ""smell""]",0.86
16,sainsburys,Sainsbury's Frozen_Fruit 500g,frozen,,Sainsbury's,1.67,each,500g,,Quality frozen_fruit from Sainsbury's,"{""calories_per_100g"": 59, ""protein"": 2.8, ""carbs"": 9.5, ""fat"": 0.6}",Store in refrigerator,8,,,2025-10-02 10:54:49,pantry,20.0,92.0,7,"[""color_change"", ""smell""]",0.9199999999999999
16,sainsburys,Sainsbury's Frozen_Fruit 500g,frozen,,Sainsbury's,1.67,each,500g,,Quality frozen_fruit from Sainsbury's,"{""calories_per_100g"": 59, ""protein"": 2.8, ""carbs"": 9.5, ""fat"": 0.6}",Store in refrigerator,8,,,2025-10-02 10:54:49,pantry,20.0,94.0,9,"[""color_change"", ""smell""]",0.84
16,sainsburys,Sainsbury's Frozen_Fruit 500g,frozen,,Sainsbury's,1.67,each,500g,,Quality frozen_fruit from Sainsbury's,"{""calories_per_100g"": 59, ""protein"": 2.8, ""carbs"": 9.5, ""fat"": 0.6}",Store in refrigerator,8,,,2025-10-02 10:54:49,refrigerated,4.0,75.0,10,"[""color_change"", ""smell""]",0.85
16,sainsburys,Sainsbury's Frozen_Fruit 500g,frozen,,Sainsbury's,1.67,each,500g,,Quality frozen_fruit from Sainsbury's,"{""calories_per_100g"": 59, ""protein"": 2.8, ""carbs"": 9.5, ""fat"": 0.6}",Store in refrigerator,8,,,2025-10-02 10:54:49,refrigerated,4.0,87.0,12,"[""color_change"", ""smell""]",0.97
17,sainsburys,Sainsbury's Ice_Cream 500g,frozen,,Sainsbury's,2.08,each,500g,,Quality ice_cream from Sainsbury's,"{""calories_per_100g"": 100, ""protein"": 2.8, ""carbs"": 9.5, ""fat"": 0.6}",Store in refrigerator,8,,,2025-10-02 10:54:49,pantry,20.0,64.0,9,"[""color_change"", ""smell""]",0.74
17,sainsburys,Sainsbury's Ice_Cream 500g,frozen,,Sainsbury's,2.08,each,500g,,Quality ice_cream from Sainsbury's,"{""calories_per_100g"": 100, ""protein"": 2.8, ""carbs"": 9.5, ""fat"": 0.6}",Store in refrigerator,8,,,2025-10-02 10:54:49,pantry,20.0,70.0,5,"[""color_change"", ""smell""]",0.8999999999999999
17,sainsburys,Sainsbury's Ice_Cream 500g,frozen,,Sainsbury's,2.08,each,500g,,Quality ice_cream from Sainsbury's,"{""calories_per_100g"": 100, ""protein"": 2.8, ""carbs"": 9.5, ""fat"": 0.6}",Store in refrigerator,8,,,2025-10-02 10:54:49,pantry,20.0,70.0,5,"[""color_change"", ""smell""]",0.8999999999999999
17,sainsburys,Sainsbury's Ice_Cream 500g,frozen,,Sainsbury's,2.08,each,500g,,Quality ice_cream from Sainsbury's,"{""calories_per_100g"": 100, ""protein"": 2.8, ""carbs"": 9.5, ""fat"": 0.6}",Store in refrigerator,8,,,2025-10-02 10:54:49,refrigerated,4.0,61.0,6,"[""color_change"", ""smell""]",0.71
17,sainsburys,Sainsbury's Ice_Cream 500g,frozen,,Sainsbury's,2.08,each,500g,,Quality ice_cream from Sainsbury's,"{""calories_per_100g"": 100, ""protein"": 2.8, ""carbs"": 9.5, ""fat"": 0.6}",Store in refrigerator,8,,,2025-10-02 10:54:49,refrigerated,4.0,71.0,6,"[""color_change"", ""smell""]",0.71
17,sainsburys,Sainsbury's Ice_Cream 500g,frozen,,Sainsbury's,2.08,each,500g,,Quality ice_cream from Sainsbury's,"{""calories_per_100g"": 100, ""protein"": 2.8, ""carbs"": 9.5, ""fat"": 0.6}",Store in refrigerator,8,,,2025-10-02 10:54:49,refrigerated,4.0,89.0,14,"[""color_change"", ""smell""]",0.8899999999999999
18,sainsburys,Sainsbury's Frozen_Meals 500g,frozen,,Sainsbury's,2.07,each,500g,,Quality frozen_meals from Sainsbury's,"{""calories_per_100g"": 99, ""protein"": 2.8, ""carbs"": 9.5, ""fat"": 0.6}",Store in refrigerator,8,,,2025-10-02 10:54:49,pantry,20.0,60.0,5,"[""color_change"", ""smell""]",0.7
18,sainsburys,Sainsbury's Frozen_Meals 500g,frozen,,Sainsbury's,2.07,each,500g,,Quality frozen_meals from Sainsbury's,"{""calories_per_100g"": 99, ""protein"": 2.8, ""carbs"": 9.5, ""fat"": 0.6}",Store in refrigerator,8,,,2025-10-02 10:54:49,pantry,20.0,72.0,7,"[""color_change"", ""smell""]",0.82
18,sainsburys,Sainsbury's Frozen_Meals 500g,frozen,,Sainsbury's,2.07,each,500g,,Quality frozen_meals from Sainsbury's,"{""calories_per_100g"": 99, ""protein"": 2.8, ""carbs"": 9.5, ""fat"": 0.6}",Store in refrigerator,8,,,2025-10-02 10:54:49,pantry,20.0,80.0,5,"[""color_change"", ""smell""]",0.8999999999999999
18,sainsburys,Sainsbury's Frozen_Meals 500g,frozen,,Sainsbury's,2.07,each,500g,,Quality frozen_meals from Sainsbury's,"{""calories_per_100g"": 99, ""protein"": 2.8, ""carbs"": 9.5, ""fat"": 0.6}",Store in refrigerator,8,,,2025-10-02 10:54:49,refrigerated,4.0,67.0,12,"[""color_change"", ""smell""]",0.77
18,sainsburys,Sainsbury's Frozen_Meals 500g,frozen,,Sainsbury's,2.07,each,500g,,Quality frozen_meals from Sainsbury's,"{""calories_per_100g"": 99, ""protein"": 2.8, ""carbs"": 9.5, ""fat"": 0.6}",Store in refrigerator,8,,,2025-10-02 10:54:49,refrigerated,4.0,71.0,6,"[""color_change"", ""smell""]",0.71
18,sainsburys,Sainsbury's Frozen_Meals 500g,frozen,,Sainsbury's,2.07,each,500g,,Quality frozen_meals from Sainsbury's,"{""calories_per_100g"": 99, ""protein"": 2.8, ""carbs"": 9.5, ""fat"": 0.6}",Store in refrigerator,8,,,2025-10-02 10:54:49,refrigerated,4.0,81.0,6,"[""color_change"", ""smell""]",0.71
19,asda,Asda Bread 500g,bakery,,Asda,2.37,each,500g,,Value bread from Asda,"{""calories_per_100g"": 95, ""protein"": 2.2, ""carbs"": 10.5, ""fat"": 0.4}",Store in refrigerator,6,,,2025-10-02 10:55:02,pantry,20.0,60.0,5,"[""color_change"", ""smell""]",0.7999999999999999
19,asda,Asda Bread 500g,bakery,,Asda,2.37,each,500g,,Value bread from Asda,"{""calories_per_100g"": 95, ""protein"": 2.2, ""carbs"": 10.5, ""fat"": 0.4}",Store in refrigerator,6,,,2025-10-02 10:55:02,pantry,20.0,88.0,13,"[""color_change"", ""smell""]",0.8799999999999999
19,asda,Asda Bread 500g,bakery,,Asda,2.37,each,500g,,Value bread from Asda,"{""calories_per_100g"": 95, ""protein"": 2.2, ""carbs"": 10.5, ""fat"": 0.4}",Store in refrigerator,6,,,2025-10-02 10:55:02,refrigerated,4.0,65.0,10,"[""color_change"", ""smell""]",0.95
19,asda,Asda Bread 500g,bakery,,Asda,2.37,each,500g,,Value bread from Asda,"{""calories_per_100g"": 95, ""protein"": 2.2, ""carbs"": 10.5, ""fat"": 0.4}",Store in refrigerator,6,,,2025-10-02 10:55:02,refrigerated,4.0,83.0,8,"[""color_change"", ""smell""]",0.9299999999999999
19,asda,Asda Bread 500g,bakery,,Asda,2.37,each,500g,,Value bread from Asda,"{""calories_per_100g"": 95, ""protein"": 2.2, ""carbs"": 10.5, ""fat"": 0.4}",Store in refrigerator,6,,,2025-10-02 10:55:02,refrigerated,4.0,87.0,12,"[""color_change"", ""smell""]",0.77
19,asda,Asda Bread 500g,bakery,,Asda,2.37,each,500g,,Value bread from Asda,"{""calories_per_100g"": 95, ""protein"": 2.2, ""carbs"": 10.5, ""fat"": 0.4}",Store in refrigerator,6,,,2025-10-02 10:55:02,refrigerated,4.0,87.0,12,"[""color_change"", ""smell""]",0.97
20,asda,Asda Croissants 500g,bakery,,Asda,1.6,each,500g,,Value croissants from Asda,"{""calories_per_100g"": 68, ""protein"": 2.2, ""carbs"": 10.5, ""fat"": 0.4}",Store in refrigerator,6,,,2025-10-02 10:55:02,refrigerated,4.0,65.0,10,"[""color_change"", ""smell""]",0.75
20,asda,Asda Croissants 500g,bakery,,Asda,1.6,each,500g,,Value croissants from Asda,"{""calories_per_100g"": 68, ""protein"": 2.2, ""carbs"": 10.5, ""fat"": 0.4}",Store in refrigerator,6,,,2025-10-02 10:55:02,refrigerated,4.0,81.0,6,"[""color_change"", ""smell""]",0.8099999999999999
20,asda,Asda Croissants 500g,bakery,,Asda,1.6,each,500g,,Value croissants from Asda,"{""calories_per_100g"": 68, ""protein"": 2.2, ""carbs"": 10.5, ""fat"": 0.4}",Store in refrigerator,6,,,2025-10-02 10:55:02,refrigerated,4.0,85.0,10,"[""color_change"", ""smell""]",0.75
20,asda,Asda Croissants 500g,bakery,,Asda,1.6,each,500g,,Value croissants from Asda,"{""calories_per_100g"": 68, ""protein"": 2.2, ""carbs"": 10.5, ""fat"": 0.4}",Store in refrigerator,6,,,2025-10-02 10:55:02,refrigerated,4.0,87.0,12,"[""color_change"", ""smell""]",0.87
20,asda,Asda Croissants 500g,bakery,,Asda,1.6,each,500g,,Value croissants from Asda,"{""calories_per_100g"": 68, ""protein"": 2.2, ""carbs"": 10.5, ""fat"": 0.4}",Store in refrigerator,6,,,2025-10-02 10:55:02,refrigerated,4.0,91.0,6,"[""color_change"", ""smell""]",0.71
20,asda,Asda Croissants 500g,bakery,,Asda,1.6,each,500g,,Value croissants from Asda,"{""calories_per_100g"": 68, ""protein"": 2.2, ""carbs"": 10.5, ""fat"": 0.4}",Store in refrigerator,6,,,2025-10-02 10:55:02,refrigerated,4.0,97.0,12,"[""color_change"", ""smell""]",0.97
21,asda,Asda Pastries 500g,bakery,,Asda,1.64,each,500g,,Value pastries from Asda,"{""calories_per_100g"": 72, ""protein"": 2.2, ""carbs"": 10.5, ""fat"": 0.4}",Store in refrigerator,6,,,2025-10-02 10:55:02,pantry,20.0,72.0,7,"[""color_change"", ""smell""]",0.72
21,asda,Asda Pastries 500g,bakery,,Asda,1.64,each,500g,,Value pastries from Asda,"{""calories_per_100g"": 72, ""protein"": 2.2, ""carbs"": 10.5, ""fat"": 0.4}",Store in refrigerator,6,,,2025-10-02 10:55:02,pantry,20.0,80.0,5,"[""color_change"", ""smell""]",0.7
21,asda,Asda Pastries 500g,bakery,,Asda,1.64,each,500g,,Value pastries from Asda,"{""calories_per_100g"": 72, ""protein"": 2.2, ""carbs"": 10.5, ""fat"": 0.4}",Store in refrigerator,6,,,2025-10-02 10:55:02,pantry,20.0,88.0,13,"[""color_change"", ""smell""]",0.7799999999999999
21,asda,Asda Pastries 500g,bakery,,Asda,1.64,each,500g,,Value pastries from Asda,"{""calories_per_100g"": 72, ""protein"": 2.2, ""carbs"": 10.5, ""fat"": 0.4}",Store in refrigerator,6,,,2025-10-02 10:55:02,pantry,20.0,90.0,5,"[""color_change"", ""smell""]",0.7999999999999999
21,asda,Asda Pastries 500g,bakery,,Asda,1.64,each,500g,,Value pastries from Asda,"{""calories_per_100g"": 72, ""protein"": 2.2, ""carbs"": 10.5, ""fat"": 0.4}",Store in refrigerator,6,,,2025-10-02 10:55:02,refrigerated,4.0,77.0,12,"[""color_change"", ""smell""]",0.77
21,asda,Asda Pastries 500g,bakery,,Asda,1.64,each,500g,,Value pastries from Asda,"{""calories_per_100g"": 72, ""protein"": 2.2, ""carbs"": 10.5, ""fat"": 0.4}",Store in refrigerator,6,,,2025-10-02 10:55:02,refrigerated,4.0,83.0,8,"[""color_change"", ""smell""]",0.83
22,asda,Asda Cakes 500g,bakery,,Asda,2.05,each,500g,,Value cakes from Asda,"{""calories_per_100g"": 63, ""protein"": 2.2, ""carbs"": 10.5, ""fat"": 0.4}",Store in refrigerator,6,,,2025-10-02 10:55:02,pantry,20.0,74.0,9,"[""color_change"", ""smell""]",0.94
22,asda,Asda Cakes 500g,bakery,,Asda,2.05,each,500g,,Value cakes from Asda,"{""calories_per_100g"": 63, ""protein"": 2.2, ""carbs"": 10.5, ""fat"": 0.4}",Store in refrigerator,6,,,2025-10-02 10:55:02,pantry,20.0,92.0,7,"[""color_change"", ""smell""]",0.9199999999999999
22,asda,Asda Cakes 500g,bakery,,Asda,2.05,each,500g,,Value cakes from Asda,"{""calories_per_100g"": 63, ""protein"": 2.2, ""carbs"": 10.5, ""fat"": 0.4}",Store in refrigerator,6,,,2025-10-02 10:55:02,pantry,20.0,98.0,13,"[""color_change"", ""smell""]",0.7799999999999999
22,asda,Asda Cakes 500g,bakery,,Asda,2.05,each,500g,,Value cakes from Asda,"{""calories_per_100g"": 63, ""protein"": 2.2, ""carbs"": 10.5, ""fat"": 0.4}",Store in refrigerator,6,,,2025-10-02 10:55:02,refrigerated,4.0,65.0,10,"[""color_change"", ""smell""]",0.75
22,asda,Asda Cakes 500g,bakery,,Asda,2.05,each,500g,,Value cakes from Asda,"{""calories_per_100g"": 63, ""protein"": 2.2, ""carbs"": 10.5, ""fat"": 0.4}",Store in refrigerator,6,,,2025-10-02 10:55:02,refrigerated,4.0,67.0,12,"[""color_change"", ""smell""]",0.97
22,asda,Asda Cakes 500g,bakery,,Asda,2.05,each,500g,,Value cakes from Asda,"{""calories_per_100g"": 63, ""protein"": 2.2, ""carbs"": 10.5, ""fat"": 0.4}",Store in refrigerator,6,,,2025-10-02 10:55:02,refrigerated,4.0,85.0,10,"[""color_change"", ""smell""]",0.85
23,asda,Asda Biscuits 500g,bakery,,Asda,1.75,each,500g,,Value biscuits from Asda,"{""calories_per_100g"": 83, ""protein"": 2.2, ""carbs"": 10.5, ""fat"": 0.4}",Store in refrigerator,6,,,2025-10-02 10:55:02,pantry,20.0,64.0,9,"[""color_change"", ""smell""]",0.74
23,asda,Asda Biscuits 500g,bakery,,Asda,1.75,each,500g,,Value biscuits from Asda,"{""calories_per_100g"": 83, ""protein"": 2.2, ""carbs"": 10.5, ""fat"": 0.4}",Store in refrigerator,6,,,2025-10-02 10:55:02,pantry,20.0,72.0,7,"[""color_change"", ""smell""]",0.82
23,asda,Asda Biscuits 500g,bakery,,Asda,1.75,each,500g,,Value biscuits from Asda,"{""calories_per_100g"": 83, ""protein"": 2.2, ""carbs"": 10.5, ""fat"": 0.4}",Store in refrigerator,6,,,2025-10-02 10:55:02,pantry,20.0,80.0,5,"[""color_change"", ""smell""]",0.7
23,asda,Asda Biscuits 500g,bakery,,Asda,1.75,each,500g,,Value biscuits from Asda,"{""calories_per_100g"": 83, ""protein"": 2.2, ""carbs"": 10.5, ""fat"": 0.4}",Store in refrigerator,6,,,2025-10-02 10:55:02,pantry,20.0,84.0,9,"[""color_change"", ""smell""]",0.74
23,asda,Asda Biscuits 500g,bakery,,Asda,1.75,each,500g,,Value biscuits from Asda,"{""calories_per_100g"": 83, ""protein"": 2.2, ""carbs"": 10.5, ""fat"": 0.4}",Store in refrigerator,6,,,2025-10-02 10:55:02,refrigerated,4.0,79.0,14,"[""color_change"", ""smell""]",0.99
23,asda,Asda Biscuits 500g,bakery,,Asda,1.75,each,500g,,Value biscuits from Asda,"{""calories_per_100g"": 83, ""protein"": 2.2, ""carbs"": 10.5, ""fat"": 0.4}",Store in refrigerator,6,,,2025-10-02 10:55:02,refrigerated,4.0,87.0,12,"[""color_change"", ""smell""]",0.97
24,asda,Asda Frozen_Vegetables 500g,frozen,,Asda,1.69,each,500g,,Value frozen_vegetables from Asda,"{""calories_per_100g"": 77, ""protein"": 2.2, ""carbs"": 10.5, ""fat"": 0.4}",Store in refrigerator,6,,,2025-10-02 10:55:02,pantry,20.0,94.0,9,"[""color_change"", ""smell""]",0.84
24,asda,Asda Frozen_Vegetables 500g,frozen,,Asda,1.69,each,500g,,Value frozen_vegetables from Asda,"{""calories_per_100g"": 77, ""protein"": 2.2, ""carbs"": 10.5, ""fat"": 0.4}",Store in refrigerator,6,,,2025-10-02 10:55:02,refrigerated,4.0,63.0,8,"[""color_change"", ""smell""]",0.73
24,asda,Asda Frozen_Vegetables 500g,frozen,,Asda,1.69,each,500g,,Value frozen_vegetables from Asda,"{""calories_per_100g"": 77, ""protein"": 2.2, ""carbs"": 10.5, ""fat"": 0.4}",Store in refrigerator,6,,,2025-10-02 10:55:02,refrigerated,4.0,71.0,6,"[""color_change"", ""smell""]",0.9099999999999999
24,asda,Asda Frozen_Vegetables 500g,frozen,,Asda,1.69,each,500g,,Value frozen_vegetables from Asda,"{""calories_per_100g"": 77, ""protein"": 2.2, ""carbs"": 10.5, ""fat"": 0.4}",Store in refrigerator,6,,,2025-10-02 10:55:02,refrigerated,4.0,79.0,14,"[""color_change"", ""smell""]",0.7899999999999999
24,asda,Asda Frozen_Vegetables 500g,frozen,,Asda,1.69,each,500g,,Value frozen_vegetables from Asda,"{""calories_per_100g"": 77, ""protein"": 2.2, ""carbs"": 10.5, ""fat"": 0.4}",Store in refrigerator,6,,,2025-10-02 10:55:02,refrigerated,4.0,79.0,14,"[""color_change"", ""smell""]",0.99
24,asda,Asda Frozen_Vegetables 500g,frozen,,Asda,1.69,each,500g,,Value frozen_vegetables from Asda,"{""calories_per_100g"": 77, ""protein"": 2.2, ""carbs"": 10.5, ""fat"": 0.4}",Store in refrigerator,6,,,2025-10-02 10:55:02,refrigerated,4.0,95.0,10,"[""color_change"", ""smell""]",0.95
25,asda,Asda Frozen_Fruit 500g,frozen,,Asda,1.47,each,500g,,Value frozen_fruit from Asda,"{""calories_per_100g"": 55, ""protein"": 2.2, ""carbs"": 10.5, ""fat"": 0.4}",Store in refrigerator,6,,,2025-10-02 10:55:02,pantry,20.0,76.0,11,"[""color_change"", ""smell""]",0.86
25,asda,Asda Frozen_Fruit 500g,frozen,,Asda,1.47,each,500g,,Value frozen_fruit from Asda,"{""calories_per_100g"": 55, ""protein"": 2.2, ""carbs"": 10.5, ""fat"": 0.4}",Store in refrigerator,6,,,2025-10-02 10:55:02,pantry,20.0,92.0,7,"[""color_change"", ""smell""]",0.9199999999999999
25,asda,Asda Frozen_Fruit 500g,frozen,,Asda,1.47,each,500g,,Value frozen_fruit from Asda,"{""calories_per_100g"": 55, ""protein"": 2.2, ""carbs"": 10.5, ""fat"": 0.4}",Store in refrigerator,6,,,2025-10-02 10:55:02,refrigerated,4.0,61.0,6,"[""color_change"", ""smell""]",0.8099999999999999
25,asda,Asda Frozen_Fruit 500g,frozen,,Asda,1.47,each,500g,,Value frozen_fruit from Asda,"{""calories_per_100g"": 55, ""protein"": 2.2, ""carbs"": 10.5, ""fat"": 0.4}",Store in refrigerator,6,,,2025-10-02 10:55:02,refrigerated,4.0,63.0,8,"[""color_change"", ""smell""]",0.73
25,asda,Asda Frozen_Fruit 500g,frozen,,Asda,1.47,each,500g,,Value frozen_fruit from Asda,"{""calories_per_100g"": 55, ""protein"": 2.2, ""carbs"": 10.5, ""fat"": 0.4}",Store in refrigerator,6,,,2025-10-02 10:55:02,refrigerated,4.0,89.0,14,"[""color_change"", ""smell""]",0.8899999999999999
25,asda,Asda Frozen_Fruit 500g,frozen,,Asda,1.47,each,500g,,Value frozen_fruit from Asda,"{""calories_per_100g"": 55, ""protein"": 2.2, ""carbs"": 10.5, ""fat"": 0.4}",Store in refrigerator,6,,,2025-10-02 10:55:02,refrigerated,4.0,99.0,14,"[""color_change"", ""smell""]",0.8899999999999999
26,asda,Asda Ice_Cream 500g,frozen,,Asda,1.88,each,500g,,Value ice_cream from Asda,"{""calories_per_100g"": 96, ""protein"": 2.2, ""carbs"": 10.5, ""fat"": 0.4}",Store in refrigerator,6,,,2025-10-02 10:55:02,pantry,20.0,62.0,7,"[""color_change"", ""smell""]",0.82
26,asda,Asda Ice_Cream 500g,frozen,,Asda,1.88,each,500g,,Value ice_cream from Asda,"{""calories_per_100g"": 96, ""protein"": 2.2, ""carbs"": 10.5, ""fat"": 0.4}",Store in refrigerator,6,,,2025-10-02 10:55:02,pantry,20.0,84.0,9,"[""color_change"", ""smell""]",0.74
26,asda,Asda Ice_Cream 500g,frozen,,Asda,1.88,each,500g,,Value ice_cream from Asda,"{""calories_per_100g"": 96, ""protein"": 2.2, ""carbs"": 10.5, ""fat"": 0.4}",Store in refrigerator,6,,,2025-10-02 10:55:02,pantry,20.0,86.0,11,"[""color_change"", ""smell""]",0.76
26,asda,Asda Ice_Cream 500g,frozen,,Asda,1.88,each,500g,,Value ice_cream from Asda,"{""calories_per_100g"": 96, ""protein"": 2.2, ""carbs"": 10.5, ""fat"": 0.4}",Store in refrigerator,6,,,2025-10-02 10:55:02,refrigerated,4.0,77.0,12,"[""color_change"", ""smell""]",0.77
26,asda,Asda Ice_Cream 500g,frozen,,Asda,1.88,each,500g,,Value ice_cream from Asda,"{""calories_per_100g"": 96, ""protein"": 2.2, ""carbs"": 10.5, ""fat"": 0.4}",Store in refrigerator,6,,,2025-10-02 10:55:02,refrigerated,4.0,81.0,6,"[""color_change"", ""smell""]",0.8099999999999999
26,asda,Asda Ice_Cream 500g,frozen,,Asda,1.88,each,500g,,Value ice_cream from Asda,"{""calories_per_100g"": 96, ""protein"": 2.2, ""carbs"": 10.5, ""fat"": 0.4}",Store in refrigerator,6,,,2025-10-02 10:55:02,refrigerated,4.0,83.0,8,"[""color_change"", ""smell""]",0.9299999999999999
27,asda,Asda Frozen_Meals 500g,frozen,,Asda,1.87,each,500g,,Value frozen_meals from Asda,"{""calories_per_100g"": 95, ""protein"": 2.2, ""carbs"": 10.5, ""fat"": 0.4}",Store in refrigerator,6,,,2025-10-02 10:55:02,pantry,20.0,62.0,7,"[""color_change"", ""smell""]",0.72
27,asda,Asda Frozen_Meals 500g,frozen,,Asda,1.87,each,500g,,Value frozen_meals from Asda,"{""calories_per_100g"": 95, ""protein"": 2.2, ""carbs"": 10.5, ""fat"": 0.4}",Store in refrigerator,6,,,2025-10-02 10:55:02,pantry,20.0,74.0,9,"[""color_change"", ""smell""]",0.74
27,asda,Asda Frozen_Meals 500g,frozen,,Asda,1.87,each,500g,,Value frozen_meals from Asda,"{""calories_per_100g"": 95, ""protein"": 2.2, ""carbs"": 10.5, ""fat"": 0.4}",Store in refrigerator,6,,,2025-10-02 10:55:02,pantry,20.0,76.0,11,"[""color_change"", ""smell""]",0.76
27,asda,Asda Frozen_Meals 500g,frozen,,Asda,1.87,each,500g,,Value frozen_meals from Asda,"{""calories_per_100g"": 95, ""protein"": 2.2, ""carbs"": 10.5, ""fat"": 0.4}",Store in refrigerator,6,,,2025-10-02 10:55:02,refrigerated,4.0,71.0,6,"[""color_change"", ""smell""]",0.71
27,asda,Asda Frozen_Meals 500g,frozen,,Asda,1.87,each,500g,,Value frozen_meals from Asda,"{""calories_per_100g"": 95, ""protein"": 2.2, ""carbs"": 10.5, ""fat"": 0.4}",Store in refrigerator,6,,,2025-10-02 10:55:02,refrigerated,4.0,85.0,10,"[""color_change"", ""smell""]",0.75
27,asda,Asda Frozen_Meals 500g,frozen,,Asda,1.87,each,500g,,Value frozen_meals from Asda,"{""calories_per_100g"": 95, ""protein"": 2.2, ""carbs"": 10.5, ""fat"": 0.4}",Store in refrigerator,6,,,2025-10-02 10:55:02,refrigerated,4.0,89.0,14,"[""color_change"", ""smell""]",0.7899999999999999
